HaqOvdXmiP,Garden
,
3QNTYq2UHv,Automotive
1Ya7SAZ3py,
,Baby
b4JRFNUSiM,Electronics
6sIL7l5T7w,Grocery
,Games
,Baby
7rZAsoJP2o,
0liatBPvNW,Health
yVzWUTLTvb,Automotive
KA6fxX81xQ,
tOxZ4D2Kcw,
eJ1ouRjjKd,
xA9z9ndnw2,Electronics
nyjxerOWBd,Garden
,Games
GUWaW3dtS1,Health
xj5LfpKZhF,Grocery
,Electronics
,Grocery
M9roUqE6Gj,Baby
OOlAze16bS,
,Music
F5TkaGfvAt,Automotive
JGzqPtn6fq,Games
,Grocery
,Games
2WwzmOP7my,Outdoors
7NkYEk9fHc,Health
LQ5EWQNL6w,
aicfvodjMa,Grocery
iNFCAQI9FQ,
7JMHdOLWUf,
ZBtqG4gkRs,
QypzrvJ0NA,Music
nG2MUMVHtA,Automotive
iIIVvLCd11,Clothing
SRSpHJmpk5,Music
,Electronics
,Electronics
yum4hYkwiz,Garden
6tZFPH8ZMO,
,Health
G2Cr28mETn,Grocery
da9qcQ6ZzM,
lM9cQnsj7o,Outdoors
QN7ZGL2gRT,Outdoors
,Health
xETAaHRDbD,Garden
9rHdztJ4Vq,
zWkgg4YgoV,
qIvUXl822a,Clothing
,Outdoors
sDPaq8PApo,Games
,Automotive
,Computers
,Garden
JfDldcle3u,Music
L1GxycN7Sj,Electronics
ba5G66P5Sm,
zHXX4ZFEse,Automotive
,Computers
tHNxCb9qpA,Electronics
ycBUF04Ufi,Clothing
aLKq90Snn7,
P6MKvdUmlz,Garden
QAoxKF7ykP,
firRvWJDLQ,Garden
O7DcYZp41I,Garden
SB1hPc3DHO,Garden
CQNJoUe8aK,Health
,Garden
,Garden
m5clk8J9Mu,Baby
tIAfHiKKJq,Automotive
UssOpw9swT,Automotive
,Clothing
Hcj6dlPGRe,Games
PTomgyILao,Computers
QxIuTStzLP,Computers
,Automotive
7mGeOWSRvo,Clothing
8OAYF4pKyp,
oKUNYPzIe6,Garden
AqbOFtyuNr,
DTAKDPpfdA,
k6jW9PN37b,Electronics
BbLWy9VoXa,Games
FUo7TMZzRf,
3BvbS74Gkf,Music
wPW4fsBToy,
89P1SgZwKP,Music
,Computers
,Health
,Health
fP27bGf52l,Computers
,Garden
,Music
Performance+New+Product+837173829,Garden
Performance+New+Product+930712923,Outdoors
,Automotive
Performance+New+Product+138398770,
Performance+New+Product+864314097,Baby
Performance+New+Product+887939778,Electronics
Performance+New+Product+211657618,
Performance+New+Product+414711138,Games
Performance+New+Product+542620682,
Performance+New+Product+156232255,Computers
Performance+New+Product+268953413,Health
Performance+New+Product+670147859,
Performance+New+Product+340950694,Electronics
,Automotive
,Games
Performance+New+Product+333675254,Electronics
Performance+New+Product+377021659,Garden
Performance+New+Product+500271412,Games
Performance+New+Product+101935810,Health
,Grocery
Performance+New+Product+842310602,Electronics
Performance+New+Product+442819043,Grocery
,Baby
Performance+New+Product+258470293,
Performance+New+Product+522780602,Music
Performance+New+Product+933489317,Automotive
Performance+New+Product+765451787,
Performance+New+Product+036222231,
Performance+New+Product+372471184,
Performance+New+Product+125033536,Outdoors
Performance+New+Product+561262956,Health
Performance+New+Product+458772326,Computers
Performance+New+Product+113845060,
Performance+New+Product+828105948,Outdoors
Performance+New+Product+580067951,Computers
Performance+New+Product+491047906,Health
Performance+New+Product+904603151,Music
Performance+New+Product+760124329,
Performance+New+Product+541722673,Clothing
Performance+New+Product+508021202,Music
,Electronics
Performance+New+Product+344872408,Electronics
,Garden
Performance+New+Product+020594373,Automotive
Performance+New+Product+612469864,Health
Performance+New+Product+049587850,Grocery
Performance+New+Product+776626732,Garden
,Outdoors
Performance+New+Product+185884857,Outdoors
Performance+New+Product+303853029,Health
Performance+New+Product+365263170,Garden
,Electronics
Performance+New+Product+483455041,Health
Performance+New+Product+420260829,
Performance+New+Product+993943362,Outdoors
Performance+New+Product+180078034,Games
Performance+New+Product+807587987,Automotive
Performance+New+Product+906328746,
Performance+New+Product+473460538,Garden
Performance+New+Product+937218942,Music
Performance+New+Product+060724254,
Performance+New+Product+677836688,Outdoors
Performance+New+Product+856780954,
Performance+New+Product+765374076,Computers
Performance+New+Product+356739071,Electronics
,Clothing
Performance+New+Product+011981830,Outdoors
,Garden
Performance+New+Product+659706432,Automotive
,
Performance+New+Product+801578766,Garden
Performance+New+Product+582709003,Garden
,Health
Performance+New+Product+781771186,Garden
Performance+New+Product+079552188,Garden
,Baby
,Automotive
Performance+New+Product+064802147,Automotive
Performance+New+Product+888720567,
Performance+New+Product+003074571,Games
Performance+New+Product+335176182,
Performance+New+Product+248172205,Computers
Performance+New+Product+089044133,
Performance+New+Product+166999742,Clothing
Performance+New+Product+752933717,
Performance+New+Product+851146422,
Performance+New+Product+824795482,
Performance+New+Product+084541858,Computers
Performance+New+Product+883559092,Electronics
Performance+New+Product+714958582,Games
Performance+New+Product+093941342,Baby
Performance+New+Product+216874333,
,Games
,Music
Performance+New+Product+987900138,Computers
Performance+New+Product+347655488,Health
Performance+New+Product+198758284,
Performance+New+Product+526660564,
Performance+New+Product+610269241,
Performance+New+Product+960249878,Music